No,Major,Avg,Total,Excellent,Good,Medium,Pass,Fail
453.0,2.0,88.43859649122807,57.0,0.47368421052631576,0.47368421052631576,0.05263157894736842,0.0,0.0
393.0,2.0,88.3409090909091,44.0,0.5454545454545454,0.3409090909090909,0.09090909090909091,0.022727272727272728,0.0
481.0,2.0,88.3157894736842,57.0,0.5087719298245614,0.43859649122807015,0.03508771929824561,0.017543859649122806,0.0
76.0,0.0,88.29824561403508,57.0,0.45614035087719296,0.49122807017543857,0.05263157894736842,0.0,0.0
358.0,2.0,88.08771929824562,57.0,0.5087719298245614,0.40350877192982454,0.08771929824561403,0.0,0.0
395.0,2.0,88.01754385964912,57.0,0.43859649122807015,0.43859649122807015,0.10526315789473684,0.017543859649122806,0.0
232.0,0.0,87.52631578947368,57.0,0.43859649122807015,0.45614035087719296,0.10526315789473684,0.0,0.0
181.0,0.0,87.39310344827587,58.0,0.3448275862068966,0.5862068965517241,0.06896551724137931,0.0,0.0
235.0,0.0,86.94736842105263,57.0,0.2982456140350877,0.6140350877192983,0.05263157894736842,0.03508771929824561,0.0
367.0,2.0,86.85964912280701,57.0,0.45614035087719296,0.38596491228070173,0.10526315789473684,0.05263157894736842,0.0
160.0,0.0,86.77586206896552,58.0,0.41379310344827586,0.43103448275862066,0.1206896551724138,0.034482758620689655,0.0
262.0,1.0,86.67164179104478,67.0,0.3880597014925373,0.5074626865671642,0.08955223880597014,0.014925373134328358,0.0
407.0,2.0,86.63157894736842,57.0,0.543859649122807,0.22807017543859648,0.17543859649122806,0.05263157894736842,0.0
452.0,2.0,86.56896551724138,58.0,0.3275862068965517,0.5344827586206896,0.1206896551724138,0.017241379310344827,0.0
41.0,0.0,86.50877192982456,57.0,0.40350877192982454,0.40350877192982454,0.15789473684210525,0.03508771929824561,0.0
18.0,0.0,85.8258620689655,58.0,0.41379310344827586,0.3793103448275862,0.15517241379310345,0.05172413793103448,0.0
377.0,2.0,85.78947368421052,57.0,0.3508771929824561,0.47368421052631576,0.12280701754385964,0.05263157894736842,0.0
296.0,1.0,85.53968253968254,63.0,0.3333333333333333,0.49206349206349204,0.14285714285714285,0.031746031746031744,0.0
74.0,0.0,85.47368421052632,57.0,0.3508771929824561,0.40350877192982454,0.22807017543859648,0.017543859649122806,0.0
55.0,0.0,85.46896551724137,58.0,0.25862068965517243,0.5517241379310345,0.1896551724137931,0.0,0.0
299.0,1.0,85.37096774193549,62.0,0.3064516129032258,0.5967741935483871,0.06451612903225806,0.03225806451612903,0.0
419.0,2.0,85.36842105263158,57.0,0.22807017543859648,0.6140350877192983,0.14035087719298245,0.017543859649122806,0.0
304.0,1.0,85.2741935483871,62.0,0.3387096774193548,0.5645161290322581,0.03225806451612903,0.04838709677419355,0.016129032258064516
350.0,2.0,85.24561403508773,57.0,0.2982456140350877,0.5087719298245614,0.17543859649122806,0.017543859649122806,0.0
103.0,0.0,85.24137931034483,58.0,0.29310344827586204,0.5862068965517241,0.10344827586206896,0.017241379310344827,0.0
95.0,0.0,85.23793103448278,58.0,0.22413793103448276,0.5862068965517241,0.1896551724137931,0.0,0.0
264.0,1.0,85.2063492063492,63.0,0.2698412698412698,0.5714285714285714,0.15873015873015872,0.0,0.0
303.0,1.0,85.16129032258064,62.0,0.27419354838709675,0.5645161290322581,0.12903225806451613,0.03225806451612903,0.0
166.0,0.0,85.16071428571429,56.0,0.39285714285714285,0.375,0.16071428571428573,0.07142857142857142,0.0
340.0,1.0,85.0327868852459,61.0,0.3770491803278688,0.4098360655737705,0.19672131147540983,0.01639344262295082,0.0
292.0,1.0,85.01538461538462,65.0,0.24615384615384617,0.5538461538461539,0.15384615384615385,0.046153846153846156,0.0
214.0,0.0,85.0,57.0,0.2982456140350877,0.5087719298245614,0.14035087719298245,0.05263157894736842,0.0
134.0,0.0,84.91379310344827,58.0,0.2413793103448276,0.603448275862069,0.1206896551724138,0.034482758620689655,0.0
39.0,0.0,84.91228070175438,57.0,0.3684210526315789,0.3684210526315789,0.24561403508771928,0.017543859649122806,0.0
325.0,1.0,84.85245901639344,61.0,0.29508196721311475,0.5081967213114754,0.16393442622950818,0.03278688524590164,0.0
373.0,2.0,84.81967213114754,61.0,0.2786885245901639,0.5901639344262295,0.09836065573770492,0.03278688524590164,0.0
323.0,1.0,84.80645161290323,62.0,0.27419354838709675,0.5,0.20967741935483872,0.016129032258064516,0.0
331.0,1.0,84.77049180327869,61.0,0.2786885245901639,0.5573770491803278,0.13114754098360656,0.03278688524590164,0.0
226.0,0.0,84.75,56.0,0.25,0.5535714285714286,0.17857142857142858,0.017857142857142856,0.0
265.0,1.0,84.71875,64.0,0.28125,0.515625,0.171875,0.03125,0.0
124.0,0.0,84.67241379310344,58.0,0.29310344827586204,0.46551724137931033,0.20689655172413793,0.017241379310344827,0.017241379310344827
259.0,1.0,84.5909090909091,66.0,0.19696969696969696,0.6212121212121212,0.13636363636363635,0.045454545454545456,0.0
478.0,2.0,84.55932203389831,59.0,0.3220338983050847,0.4406779661016949,0.1864406779661017,0.03389830508474576,0.01694915254237288
375.0,2.0,84.54385964912281,57.0,0.24561403508771928,0.543859649122807,0.17543859649122806,0.03508771929824561,0.0
372.0,2.0,84.54237288135593,59.0,0.23728813559322035,0.5423728813559322,0.1694915254237288,0.05084745762711865,0.0
267.0,1.0,84.46875,64.0,0.234375,0.53125,0.21875,0.015625,0.0
301.0,1.0,84.43548387096774,62.0,0.25806451612903225,0.5483870967741935,0.1935483870967742,0.0,0.0
406.0,2.0,84.42622950819673,61.0,0.2786885245901639,0.4426229508196721,0.26229508196721313,0.01639344262295082,0.0
382.0,2.0,84.42105263157895,57.0,0.19298245614035087,0.6140350877192983,0.17543859649122806,0.017543859649122806,0.0
384.0,2.0,84.40350877192982,57.0,0.3157894736842105,0.43859649122807015,0.17543859649122806,0.07017543859649122,0.0
138.0,0.0,84.38983050847457,59.0,0.3220338983050847,0.423728813559322,0.1864406779661017,0.05084745762711865,0.01694915254237288
311.0,1.0,84.33870967741936,62.0,0.25806451612903225,0.5161290322580645,0.1935483870967742,0.03225806451612903,0.0
257.0,1.0,84.3015873015873,63.0,0.20634920634920634,0.5714285714285714,0.1746031746031746,0.047619047619047616,0.0
83.0,0.0,84.29824561403508,57.0,0.3333333333333333,0.3333333333333333,0.2982456140350877,0.03508771929824561,0.0
256.0,1.0,84.28125,64.0,0.203125,0.546875,0.25,0.0,0.0
339.0,1.0,84.24193548387096,62.0,0.3064516129032258,0.45161290322580644,0.22580645161290322,0.016129032258064516,0.0
146.0,0.0,84.15517241379311,58.0,0.2413793103448276,0.5172413793103449,0.22413793103448276,0.017241379310344827,0.0
388.0,2.0,84.1,60.0,0.2,0.5833333333333334,0.18333333333333332,0.03333333333333333,0.0
333.0,1.0,84.04918032786885,61.0,0.21311475409836064,0.5573770491803278,0.21311475409836064,0.01639344262295082,0.0
316.0,1.0,84.04838709677419,62.0,0.24193548387096775,0.5483870967741935,0.14516129032258066,0.06451612903225806,0.0
344.0,2.0,84.03571428571429,56.0,0.17857142857142858,0.5714285714285714,0.19642857142857142,0.05357142857142857,0.0
293.0,1.0,84.0,63.0,0.2222222222222222,0.5396825396825397,0.2222222222222222,0.015873015873015872,0.0
16.0,0.0,83.96825396825396,63.0,0.3333333333333333,0.4126984126984127,0.12698412698412698,0.12698412698412698,0.0
389.0,2.0,83.96491228070175,57.0,0.24561403508771928,0.49122807017543857,0.2631578947368421,0.0,0.0
280.0,1.0,83.95522388059702,67.0,0.29850746268656714,0.43283582089552236,0.23880597014925373,0.014925373134328358,0.014925373134328358
85.0,0.0,83.83050847457628,59.0,0.288135593220339,0.423728813559322,0.2542372881355932,0.03389830508474576,0.0
56.0,0.0,83.80701754385964,57.0,0.24561403508771928,0.5263157894736842,0.14035087719298245,0.08771929824561403,0.0
472.0,2.0,83.80701754385964,57.0,0.22807017543859648,0.47368421052631576,0.2631578947368421,0.03508771929824561,0.0
180.0,0.0,83.7457627118644,59.0,0.3220338983050847,0.3728813559322034,0.23728813559322035,0.06779661016949153,0.0
58.0,0.0,83.6896551724138,58.0,0.27586206896551724,0.41379310344827586,0.25862068965517243,0.05172413793103448,0.0
189.0,0.0,83.6896551724138,58.0,0.29310344827586204,0.5,0.1206896551724138,0.08620689655172414,0.0
135.0,0.0,83.58620689655173,58.0,0.29310344827586204,0.39655172413793105,0.27586206896551724,0.034482758620689655,0.0
385.0,2.0,83.52631578947368,57.0,0.12280701754385964,0.6666666666666666,0.14035087719298245,0.07017543859649122,0.0
47.0,0.0,83.51724137931035,58.0,0.27586206896551724,0.43103448275862066,0.22413793103448276,0.06896551724137931,0.0
426.0,2.0,83.47457627118644,59.0,0.2711864406779661,0.4576271186440678,0.22033898305084745,0.03389830508474576,0.01694915254237288
353.0,2.0,83.45614035087719,57.0,0.17543859649122806,0.5263157894736842,0.2631578947368421,0.03508771929824561,0.0
492.0,2.0,83.43103448275862,58.0,0.1724137931034483,0.603448275862069,0.20689655172413793,0.017241379310344827,0.0
79.0,0.0,83.4,60.0,0.2833333333333333,0.43333333333333335,0.23333333333333334,0.05,0.0
234.0,0.0,83.39655172413794,58.0,0.29310344827586204,0.43103448275862066,0.22413793103448276,0.034482758620689655,0.017241379310344827
410.0,2.0,83.3859649122807,57.0,0.2631578947368421,0.45614035087719296,0.22807017543859648,0.05263157894736842,0.0
328.0,1.0,83.34426229508196,61.0,0.2459016393442623,0.4918032786885246,0.18032786885245902,0.08196721311475409,0.0
269.0,1.0,83.34375,64.0,0.25,0.5,0.203125,0.046875,0.0
427.0,2.0,83.3157894736842,57.0,0.17543859649122806,0.543859649122807,0.2631578947368421,0.017543859649122806,0.0
356.0,2.0,83.29310344827586,58.0,0.22413793103448276,0.5517241379310345,0.1724137931034483,0.05172413793103448,0.0
334.0,1.0,83.22950819672131,61.0,0.2786885245901639,0.4098360655737705,0.26229508196721313,0.04918032786885246,0.0
297.0,1.0,83.16923076923077,65.0,0.2,0.5230769230769231,0.24615384615384617,0.03076923076923077,0.0
33.0,0.0,83.12068965517241,58.0,0.2413793103448276,0.5517241379310345,0.10344827586206896,0.10344827586206896,0.0
238.0,0.0,83.05357142857143,56.0,0.25,0.48214285714285715,0.17857142857142858,0.08928571428571429,0.0
486.0,2.0,83.05263157894737,57.0,0.21052631578947367,0.5087719298245614,0.21052631578947367,0.07017543859649122,0.0
281.0,1.0,82.984375,64.0,0.171875,0.53125,0.234375,0.0625,0.0
252.0,0.0,82.97014925373135,67.0,0.16417910447761194,0.5522388059701493,0.23880597014925373,0.04477611940298507,0.0
155.0,0.0,82.96551724137932,58.0,0.1896551724137931,0.5344827586206896,0.20689655172413793,0.06896551724137931,0.0
245.0,0.0,82.94827586206897,58.0,0.13793103448275862,0.603448275862069,0.22413793103448276,0.034482758620689655,0.0
96.0,0.0,82.91379310344827,58.0,0.27586206896551724,0.39655172413793105,0.27586206896551724,0.05172413793103448,0.0
223.0,0.0,82.91379310344827,58.0,0.25862068965517243,0.4827586206896552,0.1724137931034483,0.08620689655172414,0.0
210.0,0.0,82.86206896551724,58.0,0.22413793103448276,0.5172413793103449,0.22413793103448276,0.017241379310344827,0.017241379310344827
348.0,2.0,82.83050847457628,59.0,0.22033898305084745,0.5254237288135594,0.1864406779661017,0.06779661016949153,0.0
275.0,1.0,82.77777777777777,63.0,0.15873015873015872,0.5555555555555556,0.25396825396825395,0.031746031746031744,0.0
352.0,2.0,82.70689655172414,58.0,0.1724137931034483,0.5517241379310345,0.22413793103448276,0.05172413793103448,0.0
121.0,0.0,82.65517241379311,58.0,0.22413793103448276,0.4482758620689655,0.25862068965517243,0.06896551724137931,0.0
273.0,1.0,82.62903225806451,62.0,0.22580645161290322,0.45161290322580644,0.22580645161290322,0.0967741935483871,0.0
190.0,0.0,82.54237288135593,59.0,0.22033898305084745,0.4915254237288136,0.2033898305084746,0.0847457627118644,0.0
149.0,0.0,82.45762711864407,59.0,0.22033898305084745,0.4745762711864407,0.2542372881355932,0.05084745762711865,0.0
441.0,2.0,82.44067796610169,59.0,0.288135593220339,0.3389830508474576,0.3220338983050847,0.05084745762711865,0.0
399.0,2.0,82.40350877192982,57.0,0.14035087719298245,0.5964912280701754,0.22807017543859648,0.03508771929824561,0.0
161.0,0.0,82.37288135593221,59.0,0.3050847457627119,0.3898305084745763,0.23728813559322035,0.03389830508474576,0.03389830508474576
175.0,0.0,82.32142857142857,56.0,0.125,0.5535714285714286,0.23214285714285715,0.08928571428571429,0.0
99.0,0.0,82.3103448275862,58.0,0.20689655172413793,0.5,0.15517241379310345,0.13793103448275862,0.0
381.0,2.0,82.23214285714286,56.0,0.16071428571428573,0.5357142857142857,0.21428571428571427,0.08928571428571429,0.0
405.0,2.0,82.23214285714286,56.0,0.19642857142857142,0.48214285714285715,0.25,0.07142857142857142,0.0
439.0,2.0,82.15789473684211,57.0,0.19298245614035087,0.49122807017543857,0.19298245614035087,0.12280701754385964,0.0
156.0,0.0,82.10169491525424,59.0,0.1694915254237288,0.4745762711864407,0.3050847457627119,0.05084745762711865,0.0
371.0,2.0,82.10169491525424,59.0,0.2033898305084746,0.4576271186440678,0.2542372881355932,0.06779661016949153,0.01694915254237288
324.0,1.0,82.08196721311475,61.0,0.19672131147540983,0.47540983606557374,0.2786885245901639,0.04918032786885246,0.0
10.0,0.0,82.0677966101695,59.0,0.15254237288135594,0.4915254237288136,0.288135593220339,0.06779661016949153,0.0
479.0,2.0,82.05263157894737,57.0,0.21052631578947367,0.5087719298245614,0.22807017543859648,0.05263157894736842,0.0
422.0,2.0,82.03508771929825,57.0,0.22807017543859648,0.38596491228070173,0.3157894736842105,0.07017543859649122,0.0
359.0,2.0,82.03448275862068,58.0,0.20689655172413793,0.43103448275862066,0.29310344827586204,0.06896551724137931,0.0
387.0,2.0,81.94827586206897,58.0,0.2413793103448276,0.39655172413793105,0.2413793103448276,0.1206896551724138,0.0
469.0,2.0,81.93442622950819,61.0,0.22950819672131148,0.4098360655737705,0.26229508196721313,0.08196721311475409,0.01639344262295082
474.0,2.0,81.91228070175438,57.0,0.21052631578947367,0.40350877192982454,0.3333333333333333,0.05263157894736842,0.0
172.0,0.0,81.84482758620689,58.0,0.22413793103448276,0.3620689655172414,0.29310344827586204,0.1206896551724138,0.0
97.0,0.0,81.79661016949153,59.0,0.1694915254237288,0.4745762711864407,0.3220338983050847,0.03389830508474576,0.0
258.0,1.0,81.79032258064517,62.0,0.1935483870967742,0.5,0.1935483870967742,0.11290322580645161,0.0
421.0,2.0,81.73684210526316,57.0,0.14035087719298245,0.49122807017543857,0.2982456140350877,0.07017543859649122,0.0
437.0,2.0,81.68852459016394,61.0,0.19672131147540983,0.45901639344262296,0.22950819672131148,0.09836065573770492,0.01639344262295082
366.0,2.0,81.66666666666667,57.0,0.19298245614035087,0.3684210526315789,0.3508771929824561,0.08771929824561403,0.0
414.0,2.0,81.64912280701755,57.0,0.21052631578947367,0.40350877192982454,0.2807017543859649,0.10526315789473684,0.0
132.0,0.0,81.58928571428571,56.0,0.21428571428571427,0.5,0.16071428571428573,0.125,0.0
376.0,2.0,81.54385964912281,57.0,0.17543859649122806,0.47368421052631576,0.2631578947368421,0.08771929824561403,0.0
88.0,0.0,81.53448275862068,58.0,0.2413793103448276,0.3793103448275862,0.29310344827586204,0.08620689655172414,0.0
450.0,2.0,81.49122807017544,57.0,0.17543859649122806,0.40350877192982454,0.38596491228070173,0.03508771929824561,0.0
231.0,0.0,81.48214285714286,56.0,0.2857142857142857,0.26785714285714285,0.3392857142857143,0.08928571428571429,0.017857142857142856
130.0,0.0,81.41379310344827,58.0,0.2413793103448276,0.3620689655172414,0.3275862068965517,0.05172413793103448,0.017241379310344827
286.0,1.0,81.39682539682539,63.0,0.15873015873015872,0.5079365079365079,0.23809523809523808,0.09523809523809523,0.0
397.0,2.0,81.36842105263158,57.0,0.12280701754385964,0.543859649122807,0.22807017543859648,0.10526315789473684,0.0
246.0,0.0,81.36206896551724,58.0,0.20689655172413793,0.4482758620689655,0.25862068965517243,0.08620689655172414,0.0
326.0,1.0,81.36065573770492,61.0,0.14754098360655737,0.45901639344262296,0.3442622950819672,0.04918032786885246,0.0
430.0,2.0,81.35087719298245,57.0,0.22807017543859648,0.3333333333333333,0.3157894736842105,0.12280701754385964,0.0
383.0,2.0,81.32203389830508,59.0,0.11864406779661017,0.5084745762711864,0.3050847457627119,0.06779661016949153,0.0
413.0,2.0,81.28813559322033,59.0,0.23728813559322035,0.3728813559322034,0.3220338983050847,0.06779661016949153,0.0
148.0,0.0,81.27586206896552,58.0,0.10344827586206896,0.5689655172413793,0.25862068965517243,0.06896551724137931,0.0
461.0,2.0,81.24137931034483,58.0,0.15517241379310345,0.4482758620689655,0.3275862068965517,0.06896551724137931,0.0
368.0,2.0,81.2280701754386,57.0,0.2807017543859649,0.3508771929824561,0.2982456140350877,0.03508771929824561,0.03508771929824561
151.0,0.0,81.21052631578948,57.0,0.21052631578947367,0.40350877192982454,0.22807017543859648,0.14035087719298245,0.017543859649122806
104.0,0.0,81.08196721311475,61.0,0.22950819672131148,0.4426229508196721,0.19672131147540983,0.09836065573770492,0.03278688524590164
247.0,0.0,81.07142857142857,56.0,0.21428571428571427,0.39285714285714285,0.30357142857142855,0.07142857142857142,0.017857142857142856
448.0,2.0,81.0701754385965,57.0,0.15789473684210525,0.43859649122807015,0.3157894736842105,0.08771929824561403,0.0
141.0,0.0,81.06666666666666,60.0,0.18333333333333332,0.5166666666666667,0.21666666666666667,0.06666666666666667,0.016666666666666666
424.0,2.0,81.06666666666666,60.0,0.1,0.55,0.3,0.05,0.0
183.0,0.0,81.03508771929825,57.0,0.24561403508771928,0.3333333333333333,0.2982456140350877,0.10526315789473684,0.017543859649122806
425.0,2.0,81.01639344262296,61.0,0.18032786885245902,0.39344262295081966,0.29508196721311475,0.13114754098360656,0.0
380.0,2.0,81.0,58.0,0.20689655172413793,0.3448275862068966,0.3103448275862069,0.1206896551724138,0.017241379310344827
485.0,2.0,80.98245614035088,57.0,0.19298245614035087,0.42105263157894735,0.2982456140350877,0.08771929824561403,0.0
357.0,2.0,80.79310344827586,58.0,0.1896551724137931,0.4827586206896552,0.2413793103448276,0.06896551724137931,0.017241379310344827
19.0,0.0,80.77586206896552,58.0,0.15517241379310345,0.43103448275862066,0.29310344827586204,0.1206896551724138,0.0
443.0,2.0,80.70877192982456,57.0,0.17543859649122806,0.3157894736842105,0.45614035087719296,0.03508771929824561,0.017543859649122806
40.0,0.0,80.6896551724138,58.0,0.15517241379310345,0.46551724137931033,0.27586206896551724,0.10344827586206896,0.0
216.0,0.0,80.6842105263158,57.0,0.21052631578947367,0.38596491228070173,0.2807017543859649,0.10526315789473684,0.017543859649122806
463.0,2.0,80.67241379310344,58.0,0.13793103448275862,0.5,0.27586206896551724,0.06896551724137931,0.017241379310344827
318.0,1.0,80.67213114754098,61.0,0.11475409836065574,0.5245901639344263,0.22950819672131148,0.11475409836065574,0.01639344262295082
283.0,1.0,80.65079365079364,63.0,0.15873015873015872,0.4603174603174603,0.2857142857142857,0.09523809523809523,0.0
272.0,1.0,80.61194029850746,67.0,0.14925373134328357,0.47761194029850745,0.29850746268656714,0.07462686567164178,0.0
480.0,2.0,80.57627118644068,59.0,0.23728813559322035,0.3220338983050847,0.3220338983050847,0.1016949152542373,0.01694915254237288
392.0,2.0,80.54385964912281,57.0,0.12280701754385964,0.43859649122807015,0.3333333333333333,0.10526315789473684,0.0
434.0,2.0,80.51724137931035,58.0,0.25862068965517243,0.3275862068965517,0.2413793103448276,0.1724137931034483,0.0
355.0,2.0,80.50877192982456,57.0,0.19298245614035087,0.40350877192982454,0.24561403508771928,0.15789473684210525,0.0
404.0,2.0,80.5,58.0,0.13793103448275862,0.5344827586206896,0.20689655172413793,0.1206896551724138,0.0
306.0,1.0,80.4920634920635,63.0,0.1111111111111111,0.5238095238095238,0.25396825396825395,0.1111111111111111,0.0
433.0,2.0,80.48275862068965,58.0,0.22413793103448276,0.3793103448275862,0.25862068965517243,0.1206896551724138,0.017241379310344827
465.0,2.0,80.44827586206897,58.0,0.20689655172413793,0.3275862068965517,0.3448275862068966,0.10344827586206896,0.017241379310344827
277.0,1.0,80.44615384615385,65.0,0.1076923076923077,0.5230769230769231,0.2153846153846154,0.15384615384615385,0.0
467.0,2.0,80.42105263157895,57.0,0.12280701754385964,0.42105263157894735,0.3333333333333333,0.12280701754385964,0.0
102.0,0.0,80.39655172413794,58.0,0.15517241379310345,0.41379310344827586,0.3103448275862069,0.1206896551724138,0.0
261.0,1.0,80.38095238095238,63.0,0.09523809523809523,0.5238095238095238,0.30158730158730157,0.07936507936507936,0.0
225.0,0.0,80.36842105263158,57.0,0.19298245614035087,0.3508771929824561,0.3333333333333333,0.08771929824561403,0.03508771929824561
409.0,2.0,80.35593220338983,59.0,0.1694915254237288,0.4067796610169492,0.288135593220339,0.11864406779661017,0.01694915254237288
420.0,2.0,80.35087719298245,57.0,0.19298245614035087,0.3684210526315789,0.2982456140350877,0.12280701754385964,0.017543859649122806
186.0,0.0,80.28813559322033,59.0,0.11864406779661017,0.4406779661016949,0.3220338983050847,0.11864406779661017,0.0
429.0,2.0,80.23728813559322,59.0,0.2542372881355932,0.3389830508474576,0.288135593220339,0.06779661016949153,0.05084745762711865
191.0,0.0,80.22413793103448,58.0,0.1896551724137931,0.3620689655172414,0.3275862068965517,0.10344827586206896,0.017241379310344827
423.0,2.0,80.1864406779661,59.0,0.1864406779661017,0.4745762711864407,0.15254237288135594,0.1694915254237288,0.01694915254237288
119.0,0.0,80.16071428571429,56.0,0.23214285714285715,0.35714285714285715,0.30357142857142855,0.08928571428571429,0.017857142857142856
431.0,2.0,80.15517241379311,58.0,0.15517241379310345,0.4482758620689655,0.27586206896551724,0.10344827586206896,0.017241379310344827
159.0,0.0,80.14035087719299,57.0,0.21052631578947367,0.3333333333333333,0.3333333333333333,0.12280701754385964,0.0
36.0,0.0,80.125,56.0,0.14285714285714285,0.42857142857142855,0.2857142857142857,0.14285714285714285,0.0
169.0,0.0,80.06896551724138,58.0,0.08620689655172414,0.5344827586206896,0.25862068965517243,0.1206896551724138,0.0
117.0,0.0,80.05,60.0,0.23333333333333334,0.31666666666666665,0.3,0.11666666666666667,0.03333333333333333
92.0,0.0,80.03448275862068,58.0,0.22413793103448276,0.3275862068965517,0.2413793103448276,0.1896551724137931,0.017241379310344827
142.0,0.0,79.98305084745763,59.0,0.1016949152542373,0.4576271186440678,0.3728813559322034,0.06779661016949153,0.0
402.0,2.0,79.98245614035088,57.0,0.14035087719298245,0.38596491228070173,0.3684210526315789,0.10526315789473684,0.0
462.0,2.0,79.96491228070175,57.0,0.08771929824561403,0.45614035087719296,0.3333333333333333,0.12280701754385964,0.0
403.0,2.0,79.94827586206897,58.0,0.15517241379310345,0.4827586206896552,0.1896551724137931,0.13793103448275862,0.034482758620689655
157.0,0.0,79.93103448275862,58.0,0.1206896551724138,0.3620689655172414,0.39655172413793105,0.1206896551724138,0.0
369.0,2.0,79.9298245614035,57.0,0.10526315789473684,0.43859649122807015,0.3508771929824561,0.08771929824561403,0.017543859649122806
415.0,2.0,79.9298245614035,57.0,0.05263157894736842,0.5087719298245614,0.3508771929824561,0.08771929824561403,0.0
396.0,2.0,79.87719298245614,57.0,0.15789473684210525,0.43859649122807015,0.2982456140350877,0.08771929824561403,0.017543859649122806
72.0,0.0,79.86440677966101,59.0,0.22033898305084745,0.3389830508474576,0.2542372881355932,0.15254237288135594,0.03389830508474576
364.0,2.0,79.84482758620689,58.0,0.10344827586206896,0.5,0.29310344827586204,0.08620689655172414,0.017241379310344827
106.0,0.0,79.82758620689656,58.0,0.1724137931034483,0.3793103448275862,0.3103448275862069,0.13793103448275862,0.0
349.0,2.0,79.76666666666667,60.0,0.1,0.43333333333333335,0.3333333333333333,0.11666666666666667,0.016666666666666666
164.0,0.0,79.72881355932203,59.0,0.13559322033898305,0.3898305084745763,0.3559322033898305,0.1016949152542373,0.01694915254237288
6.0,0.0,79.7258064516129,62.0,0.16129032258064516,0.41935483870967744,0.25806451612903225,0.14516129032258066,0.016129032258064516
445.0,2.0,79.72413793103448,58.0,0.22413793103448276,0.3448275862068966,0.2413793103448276,0.1724137931034483,0.017241379310344827
24.0,0.0,79.70689655172414,58.0,0.25862068965517243,0.25862068965517243,0.3103448275862069,0.15517241379310345,0.017241379310344827
401.0,2.0,79.70689655172414,58.0,0.1724137931034483,0.3448275862068966,0.3448275862068966,0.1206896551724138,0.017241379310344827
145.0,0.0,79.70175438596492,57.0,0.22807017543859648,0.2982456140350877,0.2982456140350877,0.17543859649122806,0.0
466.0,2.0,79.6842105263158,57.0,0.15789473684210525,0.38596491228070173,0.3508771929824561,0.08771929824561403,0.017543859649122806
365.0,2.0,79.56896551724138,58.0,0.13793103448275862,0.43103448275862066,0.3275862068965517,0.06896551724137931,0.034482758620689655
351.0,2.0,79.56140350877193,57.0,0.19298245614035087,0.40350877192982454,0.21052631578947367,0.19298245614035087,0.0
217.0,0.0,79.53571428571429,56.0,0.23214285714285715,0.3392857142857143,0.25,0.14285714285714285,0.03571428571428571
440.0,2.0,79.53333333333333,60.0,0.16666666666666666,0.4,0.3333333333333333,0.08333333333333333,0.016666666666666666
67.0,0.0,79.51724137931035,58.0,0.13793103448275862,0.41379310344827586,0.27586206896551724,0.1724137931034483,0.0
361.0,2.0,79.51724137931035,58.0,0.20689655172413793,0.3448275862068966,0.3103448275862069,0.1206896551724138,0.017241379310344827
266.0,1.0,79.47619047619048,63.0,0.12698412698412698,0.3968253968253968,0.42857142857142855,0.047619047619047616,0.0
239.0,0.0,79.45762711864407,59.0,0.13559322033898305,0.423728813559322,0.3050847457627119,0.11864406779661017,0.01694915254237288
60.0,0.0,79.44067796610169,59.0,0.0847457627118644,0.423728813559322,0.3728813559322034,0.1016949152542373,0.01694915254237288
71.0,0.0,79.43103448275862,58.0,0.08620689655172414,0.4827586206896552,0.3448275862068966,0.08620689655172414,0.0
489.0,2.0,79.40677966101696,59.0,0.13559322033898305,0.4406779661016949,0.2711864406779661,0.11864406779661017,0.03389830508474576
454.0,2.0,79.38709677419355,62.0,0.14516129032258066,0.4838709677419355,0.20967741935483872,0.12903225806451613,0.03225806451612903
305.0,1.0,79.34426229508196,61.0,0.13114754098360656,0.47540983606557374,0.21311475409836064,0.18032786885245902,0.0
390.0,2.0,79.33898305084746,59.0,0.1694915254237288,0.3220338983050847,0.3559322033898305,0.11864406779661017,0.03389830508474576
386.0,2.0,79.29824561403508,57.0,0.08771929824561403,0.43859649122807015,0.38596491228070173,0.08771929824561403,0.0
128.0,0.0,79.29310344827586,58.0,0.13793103448275862,0.43103448275862066,0.27586206896551724,0.15517241379310345,0.0
127.0,0.0,79.25862068965517,58.0,0.08620689655172414,0.5,0.25862068965517243,0.13793103448275862,0.017241379310344827
129.0,0.0,79.23728813559322,59.0,0.13559322033898305,0.4576271186440678,0.2711864406779661,0.1016949152542373,0.03389830508474576
45.0,0.0,79.23333333333333,60.0,0.16666666666666666,0.38333333333333336,0.26666666666666666,0.16666666666666666,0.016666666666666666
411.0,2.0,79.23333333333333,60.0,0.13333333333333333,0.4166666666666667,0.35,0.08333333333333333,0.016666666666666666
167.0,0.0,79.22413793103448,58.0,0.13793103448275862,0.41379310344827586,0.3275862068965517,0.1206896551724138,0.0
416.0,2.0,79.15517241379311,58.0,0.10344827586206896,0.43103448275862066,0.3275862068965517,0.10344827586206896,0.034482758620689655
211.0,0.0,79.13793103448276,58.0,0.13793103448275862,0.43103448275862066,0.22413793103448276,0.1724137931034483,0.034482758620689655
276.0,1.0,79.1076923076923,65.0,0.12307692307692308,0.4,0.3076923076923077,0.16923076923076924,0.0
491.0,2.0,79.01754385964912,57.0,0.08771929824561403,0.49122807017543857,0.21052631578947367,0.19298245614035087,0.017543859649122806
317.0,1.0,79.01612903225806,62.0,0.16129032258064516,0.4032258064516129,0.27419354838709675,0.12903225806451613,0.03225806451612903
136.0,0.0,79.0,58.0,0.10344827586206896,0.41379310344827586,0.3275862068965517,0.15517241379310345,0.0
394.0,2.0,78.93103448275862,58.0,0.13793103448275862,0.3275862068965517,0.39655172413793105,0.13793103448275862,0.0
87.0,0.0,78.91666666666667,60.0,0.13333333333333333,0.36666666666666664,0.3,0.16666666666666666,0.03333333333333333
196.0,0.0,78.91525423728814,59.0,0.1016949152542373,0.4745762711864407,0.2542372881355932,0.15254237288135594,0.01694915254237288
360.0,2.0,78.87931034482759,58.0,0.13793103448275862,0.39655172413793105,0.3103448275862069,0.13793103448275862,0.017241379310344827
458.0,2.0,78.84482758620689,58.0,0.15517241379310345,0.3793103448275862,0.3620689655172414,0.05172413793103448,0.05172413793103448
173.0,0.0,78.8,60.0,0.15,0.4166666666666667,0.26666666666666666,0.11666666666666667,0.05
133.0,0.0,78.78333333333333,60.0,0.2,0.35,0.23333333333333334,0.16666666666666666,0.05
4.0,0.0,78.7719298245614,57.0,0.15789473684210525,0.3157894736842105,0.3508771929824561,0.15789473684210525,0.017543859649122806
13.0,0.0,78.73770491803279,61.0,0.14754098360655737,0.4262295081967213,0.26229508196721313,0.09836065573770492,0.06557377049180328
442.0,2.0,78.63333333333334,60.0,0.11666666666666667,0.4166666666666667,0.31666666666666665,0.13333333333333333,0.016666666666666666
101.0,0.0,78.63157894736842,57.0,0.17543859649122806,0.3684210526315789,0.2631578947368421,0.14035087719298245,0.05263157894736842
12.0,0.0,78.60344827586206,58.0,0.1896551724137931,0.39655172413793105,0.15517241379310345,0.2413793103448276,0.017241379310344827
417.0,2.0,78.57627118644068,59.0,0.22033898305084745,0.3728813559322034,0.2542372881355932,0.11864406779661017,0.03389830508474576
438.0,2.0,78.54838709677419,62.0,0.0967741935483871,0.41935483870967744,0.3064516129032258,0.16129032258064516,0.016129032258064516
289.0,1.0,78.5079365079365,63.0,0.12698412698412698,0.36507936507936506,0.36507936507936506,0.1111111111111111,0.031746031746031744
319.0,1.0,78.4920634920635,63.0,0.1746031746031746,0.3492063492063492,0.25396825396825395,0.20634920634920634,0.015873015873015872
260.0,1.0,78.453125,64.0,0.125,0.40625,0.265625,0.1875,0.015625
112.0,0.0,78.43103448275862,58.0,0.1724137931034483,0.3620689655172414,0.29310344827586204,0.15517241379310345,0.017241379310344827
220.0,0.0,78.42758620689655,58.0,0.1206896551724138,0.27586206896551724,0.43103448275862066,0.1724137931034483,0.0
158.0,0.0,78.28070175438596,57.0,0.08771929824561403,0.38596491228070173,0.3333333333333333,0.19298245614035087,0.0
418.0,2.0,78.26315789473684,57.0,0.15789473684210525,0.3333333333333333,0.24561403508771928,0.2631578947368421,0.0
362.0,2.0,78.25862068965517,58.0,0.15517241379310345,0.3793103448275862,0.29310344827586204,0.13793103448275862,0.034482758620689655
222.0,0.0,78.2542372881356,59.0,0.11864406779661017,0.3728813559322034,0.3728813559322034,0.1016949152542373,0.03389830508474576
182.0,0.0,78.2448275862069,58.0,0.13793103448275862,0.3620689655172414,0.29310344827586204,0.1896551724137931,0.017241379310344827
168.0,0.0,78.23333333333333,60.0,0.18333333333333332,0.31666666666666665,0.31666666666666665,0.15,0.03333333333333333
459.0,2.0,78.17241379310344,58.0,0.1724137931034483,0.3793103448275862,0.27586206896551724,0.13793103448275862,0.034482758620689655
179.0,0.0,78.15789473684211,57.0,0.14035087719298245,0.43859649122807015,0.24561403508771928,0.14035087719298245,0.03508771929824561
482.0,2.0,78.12280701754386,57.0,0.07017543859649122,0.38596491228070173,0.38596491228070173,0.15789473684210525,0.0
374.0,2.0,78.11864406779661,59.0,0.06779661016949153,0.423728813559322,0.3389830508474576,0.15254237288135594,0.01694915254237288
398.0,2.0,78.10344827586206,58.0,0.1206896551724138,0.39655172413793105,0.3448275862068966,0.1206896551724138,0.017241379310344827
290.0,1.0,78.09375,64.0,0.109375,0.453125,0.21875,0.1875,0.03125
163.0,0.0,78.05084745762711,59.0,0.15254237288135594,0.3389830508474576,0.2542372881355932,0.2542372881355932,0.0
279.0,1.0,78.04615384615384,65.0,0.1076923076923077,0.35384615384615387,0.3230769230769231,0.2153846153846154,0.0
66.0,0.0,78.01666666666667,60.0,0.1,0.36666666666666664,0.36666666666666664,0.15,0.016666666666666666
295.0,1.0,78.01538461538462,65.0,0.09230769230769231,0.4,0.2923076923076923,0.18461538461538463,0.03076923076923077
378.0,2.0,78.0,58.0,0.1206896551724138,0.3448275862068966,0.3103448275862069,0.20689655172413793,0.017241379310344827
460.0,2.0,77.93333333333334,60.0,0.18333333333333332,0.26666666666666666,0.31666666666666665,0.23333333333333334,0.0
457.0,2.0,77.9322033898305,59.0,0.0847457627118644,0.4406779661016949,0.3050847457627119,0.13559322033898305,0.03389830508474576
487.0,2.0,77.93103448275862,58.0,0.13793103448275862,0.39655172413793105,0.27586206896551724,0.13793103448275862,0.05172413793103448
473.0,2.0,77.9,60.0,0.11666666666666667,0.35,0.36666666666666664,0.13333333333333333,0.03333333333333333
93.0,0.0,77.89655172413794,58.0,0.08620689655172414,0.3793103448275862,0.3103448275862069,0.20689655172413793,0.017241379310344827
346.0,2.0,77.87719298245614,57.0,0.12280701754385964,0.3508771929824561,0.2982456140350877,0.21052631578947367,0.017543859649122806
271.0,1.0,77.859375,64.0,0.078125,0.40625,0.28125,0.21875,0.015625
484.0,2.0,77.82758620689656,58.0,0.1206896551724138,0.39655172413793105,0.20689655172413793,0.25862068965517243,0.017241379310344827
114.0,0.0,77.78947368421052,57.0,0.19298245614035087,0.2982456140350877,0.2982456140350877,0.17543859649122806,0.03508771929824561
174.0,0.0,77.77586206896552,58.0,0.13793103448275862,0.3103448275862069,0.3275862068965517,0.22413793103448276,0.0
59.0,0.0,77.7719298245614,57.0,0.14035087719298245,0.2631578947368421,0.3684210526315789,0.22807017543859648,0.0
488.0,2.0,77.76271186440678,59.0,0.1694915254237288,0.3220338983050847,0.3050847457627119,0.15254237288135594,0.05084745762711865
228.0,0.0,77.75862068965517,58.0,0.13793103448275862,0.27586206896551724,0.39655172413793105,0.1724137931034483,0.017241379310344827
1.0,0.0,77.75,60.0,0.11666666666666667,0.35,0.2833333333333333,0.23333333333333334,0.016666666666666666
147.0,0.0,77.73684210526316,57.0,0.19298245614035087,0.3157894736842105,0.2807017543859649,0.17543859649122806,0.03508771929824561
137.0,0.0,77.72881355932203,59.0,0.23728813559322035,0.4915254237288136,0.13559322033898305,0.05084745762711865,0.0847457627118644
321.0,1.0,77.70967741935483,62.0,0.14516129032258066,0.3548387096774194,0.2903225806451613,0.1774193548387097,0.03225806451612903
490.0,2.0,77.69491525423729,59.0,0.1016949152542373,0.423728813559322,0.2711864406779661,0.15254237288135594,0.05084745762711865
288.0,1.0,77.67692307692307,65.0,0.15384615384615385,0.36923076923076925,0.2153846153846154,0.23076923076923078,0.03076923076923077
475.0,2.0,77.66666666666667,57.0,0.10526315789473684,0.40350877192982454,0.2982456140350877,0.19298245614035087,0.0
436.0,2.0,77.64406779661017,59.0,0.15254237288135594,0.288135593220339,0.423728813559322,0.06779661016949153,0.06779661016949153
363.0,2.0,77.63333333333334,60.0,0.16666666666666666,0.2833333333333333,0.3333333333333333,0.16666666666666666,0.05
471.0,2.0,77.6140350877193,57.0,0.14035087719298245,0.2807017543859649,0.43859649122807015,0.12280701754385964,0.017543859649122806
268.0,1.0,77.59677419354838,62.0,0.11290322580645161,0.3387096774193548,0.2903225806451613,0.25806451612903225,0.0
62.0,0.0,77.59322033898304,59.0,0.1016949152542373,0.3728813559322034,0.3050847457627119,0.2033898305084746,0.01694915254237288
468.0,2.0,77.54385964912281,57.0,0.07017543859649122,0.3157894736842105,0.47368421052631576,0.12280701754385964,0.017543859649122806
61.0,0.0,77.45000000000002,60.0,0.1,0.4166666666666667,0.26666666666666666,0.18333333333333332,0.03333333333333333
120.0,0.0,77.40677966101696,59.0,0.0847457627118644,0.3728813559322034,0.3728813559322034,0.1694915254237288,0.0
314.0,1.0,77.37704918032787,61.0,0.11475409836065574,0.36065573770491804,0.3770491803278688,0.13114754098360656,0.01639344262295082
278.0,1.0,77.36507936507937,63.0,0.09523809523809523,0.38095238095238093,0.3492063492063492,0.15873015873015872,0.015873015873015872
52.0,0.0,77.36206896551724,58.0,0.20689655172413793,0.2413793103448276,0.29310344827586204,0.22413793103448276,0.034482758620689655
451.0,2.0,77.35593220338983,59.0,0.11864406779661017,0.4067796610169492,0.3050847457627119,0.1016949152542373,0.06779661016949153
391.0,2.0,77.3103448275862,58.0,0.10344827586206896,0.3448275862068966,0.3620689655172414,0.1724137931034483,0.017241379310344827
51.0,0.0,77.30508474576271,59.0,0.1694915254237288,0.288135593220339,0.3389830508474576,0.1864406779661017,0.01694915254237288
68.0,0.0,77.27586206896552,58.0,0.1206896551724138,0.3620689655172414,0.2413793103448276,0.2413793103448276,0.034482758620689655
464.0,2.0,77.22413793103448,58.0,0.10344827586206896,0.3620689655172414,0.3275862068965517,0.15517241379310345,0.05172413793103448
89.0,0.0,77.2,60.0,0.05,0.4166666666666667,0.31666666666666665,0.2,0.016666666666666666
322.0,1.0,77.04838709677419,62.0,0.1935483870967742,0.25806451612903225,0.3387096774193548,0.1935483870967742,0.016129032258064516
345.0,2.0,77.0,61.0,0.16393442622950818,0.32786885245901637,0.26229508196721313,0.19672131147540983,0.04918032786885246
432.0,2.0,76.91666666666667,60.0,0.15,0.36666666666666664,0.26666666666666666,0.11666666666666667,0.1
315.0,1.0,76.8688524590164,61.0,0.09836065573770492,0.3770491803278688,0.29508196721311475,0.21311475409836064,0.01639344262295082
237.0,0.0,76.84745762711864,59.0,0.1016949152542373,0.3220338983050847,0.3220338983050847,0.2542372881355932,0.0
329.0,1.0,76.82539682539682,63.0,0.15873015873015872,0.3333333333333333,0.2857142857142857,0.15873015873015872,0.06349206349206349
282.0,1.0,76.8125,64.0,0.125,0.359375,0.234375,0.25,0.03125
14.0,0.0,76.8,60.0,0.1,0.35,0.3,0.2,0.05
330.0,1.0,76.78688524590164,61.0,0.14754098360655737,0.36065573770491804,0.22950819672131148,0.21311475409836064,0.04918032786885246
188.0,0.0,76.72881355932203,59.0,0.22033898305084745,0.2542372881355932,0.288135593220339,0.1694915254237288,0.06779661016949153
221.0,0.0,76.72413793103448,58.0,0.1206896551724138,0.3620689655172414,0.25862068965517243,0.2413793103448276,0.017241379310344827
8.0,0.0,76.71929824561404,57.0,0.07017543859649122,0.3684210526315789,0.3684210526315789,0.17543859649122806,0.017543859649122806
310.0,1.0,76.68852459016394,61.0,0.13114754098360656,0.2786885245901639,0.32786885245901637,0.26229508196721313,0.0
30.0,0.0,76.67241379310344,58.0,0.08620689655172414,0.3103448275862069,0.3793103448275862,0.1896551724137931,0.034482758620689655
354.0,2.0,76.64406779661017,59.0,0.11864406779661017,0.3389830508474576,0.3050847457627119,0.1864406779661017,0.05084745762711865
320.0,1.0,76.58730158730158,63.0,0.1111111111111111,0.31746031746031744,0.3492063492063492,0.19047619047619047,0.031746031746031744
98.0,0.0,76.57627118644068,59.0,0.05084745762711865,0.4745762711864407,0.288135593220339,0.13559322033898305,0.05084745762711865
263.0,1.0,76.5,64.0,0.125,0.3125,0.328125,0.1875,0.046875
298.0,1.0,76.46875,64.0,0.09375,0.359375,0.25,0.296875,0.0
253.0,1.0,76.45,60.0,0.03333333333333333,0.43333333333333335,0.3333333333333333,0.18333333333333332,0.016666666666666666
449.0,2.0,76.41379310344827,58.0,0.15517241379310345,0.3620689655172414,0.2413793103448276,0.1724137931034483,0.06896551724137931
300.0,1.0,76.38709677419355,62.0,0.0967741935483871,0.3387096774193548,0.3548387096774194,0.1774193548387097,0.03225806451612903
203.0,0.0,76.37288135593221,59.0,0.11864406779661017,0.3559322033898305,0.3050847457627119,0.1864406779661017,0.03389830508474576
477.0,2.0,76.31666666666666,60.0,0.1,0.35,0.36666666666666664,0.13333333333333333,0.05
347.0,2.0,76.3103448275862,58.0,0.06896551724137931,0.41379310344827586,0.3103448275862069,0.15517241379310345,0.05172413793103448
27.0,0.0,76.21311475409836,61.0,0.09836065573770492,0.3770491803278688,0.19672131147540983,0.2786885245901639,0.04918032786885246
65.0,0.0,76.1864406779661,59.0,0.1016949152542373,0.2711864406779661,0.3728813559322034,0.23728813559322035,0.01694915254237288
75.0,0.0,76.15254237288136,59.0,0.06779661016949153,0.3389830508474576,0.288135593220339,0.288135593220339,0.01694915254237288
337.0,1.0,76.14516129032258,62.0,0.11290322580645161,0.3548387096774194,0.2903225806451613,0.1774193548387097,0.06451612903225806
111.0,0.0,76.13559322033899,59.0,0.0847457627118644,0.4067796610169492,0.288135593220339,0.1864406779661017,0.03389830508474576
5.0,0.0,76.0952380952381,63.0,0.15873015873015872,0.2698412698412698,0.25396825396825395,0.23809523809523808,0.07936507936507936
44.0,0.0,76.0,57.0,0.10526315789473684,0.3333333333333333,0.2631578947368421,0.2807017543859649,0.017543859649122806
105.0,0.0,75.875,56.0,0.125,0.30357142857142855,0.3392857142857143,0.19642857142857142,0.03571428571428571
285.0,1.0,75.84375,64.0,0.140625,0.296875,0.265625,0.21875,0.078125
309.0,1.0,75.83870967741936,62.0,0.08064516129032258,0.2903225806451613,0.3548387096774194,0.25806451612903225,0.016129032258064516
198.0,0.0,75.80701754385964,57.0,0.12280701754385964,0.2807017543859649,0.3333333333333333,0.21052631578947367,0.05263157894736842
212.0,0.0,75.80701754385964,57.0,0.15789473684210525,0.24561403508771928,0.3333333333333333,0.19298245614035087,0.07017543859649122
209.0,0.0,75.77586206896552,58.0,0.06896551724137931,0.3275862068965517,0.3448275862068966,0.25862068965517243,0.0
412.0,2.0,75.76271186440678,59.0,0.05084745762711865,0.3389830508474576,0.3559322033898305,0.23728813559322035,0.01694915254237288
207.0,0.0,75.75,60.0,0.15,0.3,0.3,0.13333333333333333,0.11666666666666667
230.0,0.0,75.74137931034483,58.0,0.15517241379310345,0.1724137931034483,0.3620689655172414,0.27586206896551724,0.034482758620689655
116.0,0.0,75.72413793103448,58.0,0.05172413793103448,0.41379310344827586,0.3448275862068966,0.13793103448275862,0.05172413793103448
444.0,2.0,75.6842105263158,57.0,0.14035087719298245,0.24561403508771928,0.2807017543859649,0.2807017543859649,0.05263157894736842
249.0,0.0,75.68333333333334,60.0,0.16666666666666666,0.36666666666666664,0.18333333333333332,0.16666666666666666,0.11666666666666667
94.0,0.0,75.58620689655173,58.0,0.10344827586206896,0.3620689655172414,0.20689655172413793,0.27586206896551724,0.05172413793103448
7.0,0.0,75.55,60.0,0.08333333333333333,0.3333333333333333,0.26666666666666666,0.25,0.06666666666666667
109.0,0.0,75.54838709677419,62.0,0.06451612903225806,0.3548387096774194,0.3225806451612903,0.22580645161290322,0.03225806451612903
78.0,0.0,75.50819672131148,61.0,0.09836065573770492,0.3770491803278688,0.18032786885245902,0.3114754098360656,0.03278688524590164
408.0,2.0,75.43859649122807,57.0,0.10526315789473684,0.3508771929824561,0.3684210526315789,0.10526315789473684,0.07017543859649122
400.0,2.0,75.40677966101696,59.0,0.06779661016949153,0.3559322033898305,0.288135593220339,0.23728813559322035,0.05084745762711865
236.0,0.0,75.4,60.0,0.13333333333333333,0.31666666666666665,0.2,0.3,0.05
22.0,0.0,75.37288135593221,59.0,0.1016949152542373,0.4067796610169492,0.3220338983050847,0.1016949152542373,0.06779661016949153
184.0,0.0,75.37288135593221,59.0,0.0847457627118644,0.23728813559322035,0.3559322033898305,0.3050847457627119,0.01694915254237288
332.0,1.0,75.3015873015873,63.0,0.1111111111111111,0.2857142857142857,0.30158730158730157,0.25396825396825395,0.047619047619047616
192.0,0.0,75.29310344827586,58.0,0.10344827586206896,0.3620689655172414,0.25862068965517243,0.20689655172413793,0.06896551724137931
233.0,0.0,75.27868852459017,61.0,0.06557377049180328,0.3770491803278688,0.3114754098360656,0.16393442622950818,0.08196721311475409
107.0,0.0,75.25862068965517,58.0,0.08620689655172414,0.29310344827586204,0.3275862068965517,0.2413793103448276,0.05172413793103448
291.0,1.0,75.24615384615385,65.0,0.1076923076923077,0.3230769230769231,0.2923076923076923,0.18461538461538463,0.09230769230769231
152.0,0.0,75.23214285714286,56.0,0.17857142857142858,0.2857142857142857,0.21428571428571427,0.23214285714285715,0.08928571428571429
178.0,0.0,75.15517241379311,58.0,0.15517241379310345,0.1724137931034483,0.3448275862068966,0.3103448275862069,0.017241379310344827
379.0,2.0,75.11864406779661,59.0,0.06779661016949153,0.3220338983050847,0.423728813559322,0.11864406779661017,0.06779661016949153
342.0,1.0,75.04918032786885,61.0,0.08196721311475409,0.3442622950819672,0.3114754098360656,0.19672131147540983,0.06557377049180328
26.0,0.0,75.03389830508475,59.0,0.11864406779661017,0.22033898305084745,0.3728813559322034,0.2711864406779661,0.01694915254237288
248.0,0.0,75.01754385964912,57.0,0.07017543859649122,0.2807017543859649,0.3508771929824561,0.2631578947368421,0.03508771929824561
195.0,0.0,74.93103448275862,58.0,0.10344827586206896,0.27586206896551724,0.39655172413793105,0.1724137931034483,0.05172413793103448
38.0,0.0,74.88333333333334,60.0,0.08333333333333333,0.23333333333333334,0.36666666666666664,0.2833333333333333,0.03333333333333333
370.0,2.0,74.88333333333334,60.0,0.06666666666666667,0.35,0.31666666666666665,0.18333333333333332,0.08333333333333333
470.0,2.0,74.84482758620689,58.0,0.06896551724137931,0.3793103448275862,0.22413793103448276,0.27586206896551724,0.05172413793103448
28.0,0.0,74.77586206896552,58.0,0.05172413793103448,0.3275862068965517,0.3275862068965517,0.25862068965517243,0.034482758620689655
287.0,1.0,74.75384615384615,65.0,0.1076923076923077,0.26153846153846155,0.35384615384615387,0.2,0.07692307692307693
208.0,0.0,74.7457627118644,59.0,0.1016949152542373,0.3050847457627119,0.3220338983050847,0.1864406779661017,0.0847457627118644
143.0,0.0,74.6842105263158,57.0,0.12280701754385964,0.3157894736842105,0.2631578947368421,0.19298245614035087,0.10526315789473684
274.0,1.0,74.68253968253968,63.0,0.09523809523809523,0.4126984126984127,0.1746031746031746,0.23809523809523808,0.07936507936507936
31.0,0.0,74.65,60.0,0.13333333333333333,0.2,0.31666666666666665,0.26666666666666666,0.08333333333333333
313.0,1.0,74.62903225806451,62.0,0.08064516129032258,0.27419354838709675,0.3387096774193548,0.25806451612903225,0.04838709677419355
162.0,0.0,74.61016949152543,59.0,0.1016949152542373,0.3050847457627119,0.3220338983050847,0.2033898305084746,0.06779661016949153
312.0,1.0,74.60317460317461,63.0,0.14285714285714285,0.25396825396825395,0.3492063492063492,0.1746031746031746,0.07936507936507936
455.0,2.0,74.52631578947368,57.0,0.07017543859649122,0.2631578947368421,0.3508771929824561,0.3157894736842105,0.0
9.0,0.0,74.52542372881356,59.0,0.0847457627118644,0.3050847457627119,0.23728813559322035,0.2711864406779661,0.1016949152542373
447.0,2.0,74.51666666666667,60.0,0.08333333333333333,0.3333333333333333,0.3,0.21666666666666667,0.06666666666666667
251.0,0.0,74.4920634920635,63.0,0.1111111111111111,0.25396825396825395,0.3333333333333333,0.23809523809523808,0.06349206349206349
90.0,0.0,74.48275862068965,58.0,0.15517241379310345,0.20689655172413793,0.3103448275862069,0.2413793103448276,0.08620689655172414
113.0,0.0,74.46666666666667,60.0,0.06666666666666667,0.23333333333333334,0.43333333333333335,0.21666666666666667,0.05
144.0,0.0,74.46551724137932,58.0,0.1206896551724138,0.27586206896551724,0.3275862068965517,0.1724137931034483,0.10344827586206896
199.0,0.0,74.45,60.0,0.1,0.2,0.4166666666666667,0.23333333333333334,0.05
69.0,0.0,74.42105263157895,57.0,0.12280701754385964,0.21052631578947367,0.3157894736842105,0.3157894736842105,0.03508771929824561
150.0,0.0,74.37288135593221,59.0,0.15254237288135594,0.2033898305084746,0.3389830508474576,0.2033898305084746,0.1016949152542373
250.0,0.0,74.36206896551724,58.0,0.06896551724137931,0.3275862068965517,0.3103448275862069,0.2413793103448276,0.05172413793103448
428.0,2.0,74.33333333333333,60.0,0.13333333333333333,0.3,0.25,0.18333333333333332,0.13333333333333333
49.0,0.0,74.30508474576271,59.0,0.13559322033898305,0.23728813559322035,0.2711864406779661,0.288135593220339,0.06779661016949153
126.0,0.0,74.29310344827586,58.0,0.10344827586206896,0.3275862068965517,0.27586206896551724,0.1896551724137931,0.10344827586206896
218.0,0.0,74.29310344827586,58.0,0.10344827586206896,0.2413793103448276,0.3448275862068966,0.25862068965517243,0.05172413793103448
204.0,0.0,74.28813559322033,59.0,0.05084745762711865,0.3559322033898305,0.3220338983050847,0.22033898305084745,0.05084745762711865
456.0,2.0,74.1311475409836,61.0,0.06557377049180328,0.32786885245901637,0.32786885245901637,0.21311475409836064,0.06557377049180328
57.0,0.0,74.1103448275862,58.0,0.10344827586206896,0.22413793103448276,0.39655172413793105,0.2413793103448276,0.034482758620689655
25.0,0.0,74.0701754385965,57.0,0.05263157894736842,0.2982456140350877,0.3333333333333333,0.2807017543859649,0.03508771929824561
34.0,0.0,74.06666666666666,60.0,0.08333333333333333,0.26666666666666666,0.25,0.36666666666666664,0.03333333333333333
32.0,0.0,74.05,60.0,0.08333333333333333,0.31666666666666665,0.2833333333333333,0.23333333333333334,0.08333333333333333
205.0,0.0,74.0,58.0,0.08620689655172414,0.20689655172413793,0.3620689655172414,0.29310344827586204,0.05172413793103448
307.0,1.0,73.98461538461538,65.0,0.1076923076923077,0.23076923076923078,0.35384615384615387,0.23076923076923078,0.07692307692307693
255.0,1.0,73.921875,64.0,0.109375,0.28125,0.234375,0.328125,0.046875
219.0,0.0,73.80357142857143,56.0,0.10714285714285714,0.25,0.25,0.3392857142857143,0.05357142857142857
3.0,0.0,73.8,60.0,0.11666666666666667,0.25,0.2,0.3333333333333333,0.1
86.0,0.0,73.79661016949153,59.0,0.13559322033898305,0.15254237288135594,0.2711864406779661,0.3898305084745763,0.05084745762711865
446.0,2.0,73.7457627118644,59.0,0.06779661016949153,0.2542372881355932,0.3389830508474576,0.288135593220339,0.05084745762711865
170.0,0.0,73.7,60.0,0.11666666666666667,0.2833333333333333,0.35,0.13333333333333333,0.11666666666666667
81.0,0.0,73.61016949152543,59.0,0.06779661016949153,0.2711864406779661,0.2711864406779661,0.3389830508474576,0.05084745762711865
202.0,0.0,73.54237288135593,59.0,0.1016949152542373,0.3559322033898305,0.23728813559322035,0.23728813559322035,0.06779661016949153
341.0,1.0,73.44444444444444,63.0,0.09523809523809523,0.2857142857142857,0.31746031746031744,0.23809523809523808,0.06349206349206349
476.0,2.0,73.36842105263158,57.0,0.10526315789473684,0.3333333333333333,0.3157894736842105,0.14035087719298245,0.10526315789473684
54.0,0.0,73.23728813559322,59.0,0.05084745762711865,0.288135593220339,0.2711864406779661,0.3220338983050847,0.06779661016949153
122.0,0.0,73.20338983050847,59.0,0.11864406779661017,0.3220338983050847,0.2542372881355932,0.22033898305084745,0.0847457627118644
308.0,1.0,73.19354838709677,62.0,0.08064516129032258,0.2903225806451613,0.27419354838709675,0.27419354838709675,0.08064516129032258
42.0,0.0,73.1896551724138,58.0,0.10344827586206896,0.29310344827586204,0.27586206896551724,0.25862068965517243,0.06896551724137931
244.0,0.0,73.14035087719299,57.0,0.14035087719298245,0.12280701754385964,0.3684210526315789,0.2982456140350877,0.07017543859649122
115.0,0.0,73.13333333333334,60.0,0.13333333333333333,0.21666666666666667,0.31666666666666665,0.21666666666666667,0.11666666666666667
91.0,0.0,73.08333333333333,60.0,0.1,0.23333333333333334,0.2833333333333333,0.3,0.08333333333333333
43.0,0.0,73.06666666666666,60.0,0.06666666666666667,0.25,0.36666666666666664,0.25,0.06666666666666667
284.0,1.0,73.0,66.0,0.09090909090909091,0.30303030303030304,0.24242424242424243,0.21212121212121213,0.15151515151515152
15.0,0.0,72.98360655737704,61.0,0.13114754098360656,0.19672131147540983,0.3442622950819672,0.19672131147540983,0.13114754098360656
110.0,0.0,72.91379310344827,58.0,0.08620689655172414,0.25862068965517243,0.3275862068965517,0.25862068965517243,0.06896551724137931
243.0,0.0,72.91379310344827,58.0,0.1724137931034483,0.3448275862068966,0.22413793103448276,0.13793103448275862,0.1206896551724138
70.0,0.0,72.87096774193549,62.0,0.1935483870967742,0.3064516129032258,0.1774193548387097,0.1774193548387097,0.14516129032258066
336.0,1.0,72.828125,64.0,0.03125,0.28125,0.328125,0.265625,0.09375
82.0,0.0,72.8135593220339,59.0,0.03389830508474576,0.2542372881355932,0.288135593220339,0.4067796610169492,0.01694915254237288
435.0,2.0,72.75862068965517,58.0,0.10344827586206896,0.27586206896551724,0.25862068965517243,0.2413793103448276,0.1206896551724138
48.0,0.0,72.69491525423729,59.0,0.06779661016949153,0.2033898305084746,0.4067796610169492,0.2542372881355932,0.06779661016949153
177.0,0.0,72.66666666666667,57.0,0.10526315789473684,0.2631578947368421,0.2982456140350877,0.2631578947368421,0.07017543859649122
125.0,0.0,72.62711864406779,59.0,0.1864406779661017,0.1694915254237288,0.3220338983050847,0.22033898305084745,0.1016949152542373
483.0,2.0,72.60655737704919,61.0,0.11475409836065574,0.21311475409836064,0.36065573770491804,0.22950819672131148,0.08196721311475409
294.0,1.0,72.58461538461539,65.0,0.09230769230769231,0.3076923076923077,0.18461538461538463,0.3384615384615385,0.07692307692307693
11.0,0.0,72.58333333333333,60.0,0.08333333333333333,0.26666666666666666,0.31666666666666665,0.25,0.08333333333333333
29.0,0.0,72.37704918032787,61.0,0.04918032786885246,0.2459016393442623,0.32786885245901637,0.29508196721311475,0.08196721311475409
171.0,0.0,72.09836065573771,61.0,0.04918032786885246,0.29508196721311475,0.19672131147540983,0.3770491803278688,0.08196721311475409
215.0,0.0,72.08620689655173,58.0,0.08620689655172414,0.1724137931034483,0.3103448275862069,0.3448275862068966,0.08620689655172414
241.0,0.0,72.06896551724138,58.0,0.08620689655172414,0.22413793103448276,0.3103448275862069,0.27586206896551724,0.10344827586206896
17.0,0.0,71.8360655737705,61.0,0.08196721311475409,0.29508196721311475,0.22950819672131148,0.2786885245901639,0.11475409836065574
37.0,0.0,71.78333333333333,60.0,0.08333333333333333,0.2833333333333333,0.31666666666666665,0.18333333333333332,0.13333333333333333
229.0,0.0,71.75172413793103,58.0,0.10344827586206896,0.22413793103448276,0.1896551724137931,0.41379310344827586,0.06896551724137931
270.0,1.0,71.68115942028986,69.0,0.08695652173913043,0.2898550724637681,0.2898550724637681,0.2028985507246377,0.13043478260869565
118.0,0.0,71.57627118644068,59.0,0.13559322033898305,0.3728813559322034,0.2033898305084746,0.13559322033898305,0.15254237288135594
227.0,0.0,71.48275862068965,58.0,0.10344827586206896,0.20689655172413793,0.25862068965517243,0.3793103448275862,0.05172413793103448
100.0,0.0,71.40350877192982,57.0,0.07017543859649122,0.21052631578947367,0.3157894736842105,0.2807017543859649,0.12280701754385964
139.0,0.0,71.38983050847457,59.0,0.11864406779661017,0.15254237288135594,0.2033898305084746,0.4067796610169492,0.11864406779661017
224.0,0.0,71.25,56.0,0.14285714285714285,0.17857142857142858,0.19642857142857142,0.32142857142857145,0.16071428571428573
187.0,0.0,71.15517241379311,58.0,0.06896551724137931,0.20689655172413793,0.3275862068965517,0.3103448275862069,0.08620689655172414
20.0,0.0,71.09677419354838,62.0,0.11290322580645161,0.16129032258064516,0.3064516129032258,0.3225806451612903,0.0967741935483871
84.0,0.0,70.98333333333333,60.0,0.06666666666666667,0.2,0.23333333333333334,0.4,0.1
73.0,0.0,70.93650793650794,63.0,0.15873015873015872,0.15873015873015872,0.2698412698412698,0.2857142857142857,0.12698412698412698
23.0,0.0,70.88524590163935,61.0,0.08196721311475409,0.19672131147540983,0.22950819672131148,0.3770491803278688,0.11475409836065574
338.0,1.0,70.7936507936508,63.0,0.07936507936507936,0.23809523809523808,0.3333333333333333,0.15873015873015872,0.19047619047619047
35.0,0.0,70.63333333333334,60.0,0.13333333333333333,0.11666666666666667,0.26666666666666666,0.35,0.13333333333333333
63.0,0.0,70.61666666666666,60.0,0.08333333333333333,0.16666666666666666,0.36666666666666664,0.2833333333333333,0.1
201.0,0.0,70.05084745762711,59.0,0.06779661016949153,0.22033898305084745,0.3728813559322034,0.22033898305084745,0.11864406779661017
176.0,0.0,70.03448275862068,58.0,0.15517241379310345,0.06896551724137931,0.20689655172413793,0.46551724137931033,0.10344827586206896
153.0,0.0,70.0,57.0,0.10526315789473684,0.19298245614035087,0.2807017543859649,0.2631578947368421,0.15789473684210525
53.0,0.0,69.85245901639344,61.0,0.08196721311475409,0.2459016393442623,0.16393442622950818,0.29508196721311475,0.21311475409836064
123.0,0.0,69.85,60.0,0.08333333333333333,0.26666666666666666,0.2833333333333333,0.21666666666666667,0.15
206.0,0.0,69.7741935483871,62.0,0.08064516129032258,0.24193548387096775,0.3225806451612903,0.1935483870967742,0.16129032258064516
185.0,0.0,69.59677419354838,62.0,0.08064516129032258,0.24193548387096775,0.27419354838709675,0.22580645161290322,0.1774193548387097
197.0,0.0,69.41666666666667,60.0,0.1,0.26666666666666666,0.18333333333333332,0.3,0.15
165.0,0.0,69.38983050847457,59.0,0.06779661016949153,0.2033898305084746,0.23728813559322035,0.3559322033898305,0.13559322033898305
200.0,0.0,68.84745762711864,59.0,0.1016949152542373,0.22033898305084745,0.22033898305084745,0.3050847457627119,0.15254237288135594
154.0,0.0,68.77966101694915,59.0,0.06779661016949153,0.23728813559322035,0.23728813559322035,0.288135593220339,0.1694915254237288
46.0,0.0,68.70645161290322,62.0,0.0967741935483871,0.1774193548387097,0.3225806451612903,0.25806451612903225,0.14516129032258066
77.0,0.0,68.7,60.0,0.08333333333333333,0.15,0.23333333333333334,0.36666666666666664,0.16666666666666666
50.0,0.0,68.6774193548387,62.0,0.016129032258064516,0.24193548387096775,0.3225806451612903,0.2903225806451613,0.12903225806451613
335.0,1.0,68.4,65.0,0.046153846153846156,0.27692307692307694,0.3230769230769231,0.13846153846153847,0.2153846153846154
80.0,0.0,68.11475409836065,61.0,0.03278688524590164,0.19672131147540983,0.2459016393442623,0.32786885245901637,0.19672131147540983
21.0,0.0,68.05084745762711,59.0,0.05084745762711865,0.2033898305084746,0.2711864406779661,0.23728813559322035,0.23728813559322035
108.0,0.0,68.05084745762711,59.0,0.06779661016949153,0.15254237288135594,0.3728813559322034,0.1864406779661017,0.22033898305084745
327.0,1.0,67.5625,64.0,0.078125,0.265625,0.296875,0.171875,0.1875
242.0,0.0,67.47540983606558,61.0,0.04918032786885246,0.19672131147540983,0.3770491803278688,0.16393442622950818,0.21311475409836064
2.0,0.0,67.0677966101695,59.0,0.05084745762711865,0.3050847457627119,0.15254237288135594,0.3220338983050847,0.1694915254237288
64.0,0.0,66.39344262295081,61.0,0.03278688524590164,0.19672131147540983,0.22950819672131148,0.32786885245901637,0.21311475409836064
213.0,0.0,65.85483870967742,62.0,0.06451612903225806,0.22580645161290322,0.1935483870967742,0.27419354838709675,0.24193548387096775
131.0,0.0,65.0677966101695,59.0,0.06779661016949153,0.1694915254237288,0.22033898305084745,0.3050847457627119,0.23728813559322035
194.0,0.0,64.72881355932203,59.0,0.03389830508474576,0.2033898305084746,0.23728813559322035,0.2711864406779661,0.2542372881355932
343.0,1.0,64.53125,64.0,0.078125,0.125,0.265625,0.25,0.28125
240.0,0.0,64.16129032258064,62.0,0.04838709677419355,0.12903225806451613,0.27419354838709675,0.3064516129032258,0.24193548387096775
254.0,1.0,62.09230769230769,65.0,0.046153846153846156,0.2153846153846154,0.18461538461538463,0.26153846153846155,0.2923076923076923
302.0,1.0,60.86363636363637,66.0,0.07575757575757576,0.18181818181818182,0.16666666666666666,0.22727272727272727,0.3484848484848485
140.0,0.0,59.32786885245902,61.0,0.03278688524590164,0.13114754098360656,0.21311475409836064,0.29508196721311475,0.32786885245901637
193.0,0.0,59.32786885245902,61.0,0.04918032786885246,0.16393442622950818,0.19672131147540983,0.2786885245901639,0.3114754098360656
